title,url,published_at,company_name,company_id
【特定業種116名調査】重要書類の4分の1が「個人PC管理」の実態。「外で見られない、見つからない」現場のストレスとセキュリティリスクを公開,https://prtimes.jp/main/html/rd/p/000000340.000013602.html,2026-03-19 19:10,株式会社kubell,13602
中小企業の約半数に「シャドーIT」の兆候。現場の「利便性」がセキュリティルールを上回る、中小企業の危うい実態が判明,https://prtimes.jp/main/html/rd/p/000000339.000013602.html,2026-02-20 18:10,株式会社kubell,13602
kubell、法人向けクラウド請求書処理サービス「Chatwork 請求書受取」提供開始,https://prtimes.jp/main/html/rd/p/000000338.000013602.html,2026-02-16 12:10,株式会社kubell,13602
kubellのデータエンジニアが、2026「Snowflake Data Superheroes」に選出,https://prtimes.jp/main/html/rd/p/000000337.000013602.html,2026-02-10 15:10,株式会社kubell,13602
生成AI時代の労務管理を徹底解説「労務管理DX・AIサミット2026」を開催,https://prtimes.jp/main/html/rd/p/000000336.000013602.html,2026-02-05 20:10,株式会社kubell,13602
人手不足の割合が高い業種（建設・工事業、医療・福祉業、サービス業）がデジタル化に取り組めていない実態が明らかに、課題は予算確保と教育・定着,https://prtimes.jp/main/html/rd/p/000000332.000013602.html,2026-02-02 16:10,株式会社kubell,13602
kubellストレージが運営する「セキュアSAMBA」が「2025年下半期 BOXIL資料請求数ランキング」オンラインストレージカテゴリで総合1位を獲得,https://prtimes.jp/main/html/rd/p/000000334.000013602.html,2026-01-29 11:04,株式会社kubell,13602
kubell、採用サイトを全面リニューアル「人とテクノロジーで、99.7%の働くを変える。」,https://prtimes.jp/main/html/rd/p/000000333.000013602.html,2026-01-28 16:10,株式会社kubell,13602
社労士の未来を拓く一大イベント「社労士万博2026」を2026年2月27日に東京で開催,https://prtimes.jp/main/html/rd/p/000000330.000013602.html,2026-01-15 20:10,株式会社kubell,13602
Chatworkで目標の達成状況を可視化し医療福祉の職場で誰も取り残さないDXを実現、「全国ワークスタイル変革大賞2025」で和光会グループが大賞を受賞,https://prtimes.jp/main/html/rd/p/000000329.000013602.html,2025-12-26 13:10,株式会社kubell,13602
kubell、株式会社kubellストレージを完全子会社化及びスターティアホールディングスグループと業務提携を開始,https://prtimes.jp/main/html/rd/p/000000327.000013602.html,2025-12-19 17:33,株式会社kubell,13602
「システム担当者がいない」中小企業は3割弱、中小企業の5割弱が日常的な取引や情報管理に「デジタルを利用していない」,https://prtimes.jp/main/html/rd/p/000000326.000013602.html,2026-01-15 22:35,株式会社kubell,13602
kubell、「BPaaS/AI+BPOカオスマップ 2025年版」を公開,https://prtimes.jp/main/html/rd/p/000000325.000013602.html,2025-12-11 12:10,株式会社kubell,13602
kubell、法人向けクラウド請求書処理サービス「ペイトナー請求書」を吸収分割により事業承継,https://prtimes.jp/main/html/rd/p/000000323.000013602.html,2025-11-19 19:10,株式会社kubell,13602
勤怠管理システム「MINAGINE勤怠管理」の「勤怠BPOサービス」、Dr.健康経営の提供サービスと連携し、健康経営支援を強化,https://prtimes.jp/main/html/rd/p/000000322.000013602.html,2025-11-06 19:10,株式会社kubell,13602
勤怠管理システム「MINAGINE勤怠管理」、PCログ記録機能を初年度半額でご利用いただけるキャンペーンを開始,https://prtimes.jp/main/html/rd/p/000000320.000013602.html,2025-10-29 19:10,株式会社kubell,13602
デジタルハックとkubellストレージ、情報システム部門向け業務代行サービスを共同展開,https://prtimes.jp/main/html/rd/p/000000319.000013602.html,2025-09-10 13:11,株式会社kubell,13602
勤怠管理システム「MINAGINE勤怠管理」、承認者向け新UIを8月4日より提供開始。直感的な操作性で、承認者の業務効率を大幅に向上,https://prtimes.jp/main/html/rd/p/000000316.000013602.html,2025-08-12 19:10,株式会社kubell,13602
kubellパートナー、BPaaS事業の業務プロセス代行サービス「タクシタ」提供開始,https://prtimes.jp/main/html/rd/p/000000314.000013602.html,2025-07-09 07:40,株式会社kubell,13602
北九州市、公益財団法人北九州産業学術推進機構、kubell、「北九州市DX推進プラットフォーム」における地域のDXコミュニティ基盤を新設,https://prtimes.jp/main/html/rd/p/000000313.000013602.html,2025-06-28 09:17,株式会社kubell,13602
kubellグループでBPaaS事業の中核を担うkubellパートナーが商工中金と顧客紹介に関する協定を締結,https://prtimes.jp/main/html/rd/p/000000312.000013602.html,2025-06-06 21:37,株式会社kubell,13602
Chatworkでコミュニケーションを課題解決、年間1270時間を効率化したしみずがおか幼稚園、障害者雇用の相互理解を深めたフローレンスが、JAPAN HR DX AWARDS FINALで各賞受賞,https://prtimes.jp/main/html/rd/p/000000311.000013602.html,2025-03-14 21:29,株式会社kubell,13602
kubellストレージ運営の「セキュアSAMBA」が「BOXIL SaaS AWARD Spring 2025」オンラインストレージ部門で「Good Service」「サービスの安定性No.1」に選出,https://prtimes.jp/main/html/rd/p/000000310.000013602.html,2025-03-04 18:29,株式会社kubell,13602
kubellストレージが運営する「セキュアSAMBA」が「ITreview Grid Award 2025 Winter」オンラインストレージ部門で「High Performer」を受賞,https://prtimes.jp/main/html/rd/p/000000308.000013602.html,2025-01-25 19:33,株式会社kubell,13602
kubellグループでBPaaS事業の中核を担うkubellパートナーが玉島信用金庫と顧客紹介に関する協定を締結,https://prtimes.jp/main/html/rd/p/000000307.000013602.html,2025-01-15 13:45,株式会社kubell,13602
kubell、SaaS管理ツール「ワスレナイ」を提供するSHIFTとマーケティングパートナー契約を締結,https://prtimes.jp/main/html/rd/p/000000306.000013602.html,2025-01-09 20:25,株式会社kubell,13602
Chatworkで安心と信頼を感じられる職場環境づくりに成功、「全国ワークスタイル変革大賞2024」で株式会社ケイリーパートナーズが大賞を受賞,https://prtimes.jp/main/html/rd/p/000000305.000013602.html,2024-12-26 15:37,株式会社kubell,13602
kubellのグループ会社、BPaaS事業の中核を担うkubellパートナーが福井銀行と顧客紹介に関する協定を締結,https://prtimes.jp/main/html/rd/p/000000304.000013602.html,2024-12-07 20:18,株式会社kubell,13602
ビジネスチャット「Chatwork」、“仕事で利用しているチャットに関する実態・意識調査”を公開,https://prtimes.jp/main/html/rd/p/000000303.000013602.html,2024-12-03 12:32,株式会社kubell,13602
kubellが、福利厚生プラットフォームを提供するmiiveと資本業務提携,https://prtimes.jp/main/html/rd/p/000000302.000013602.html,2024-11-14 20:55,株式会社kubell,13602
Chatwork、「予約送信機能」など仕事の抜け漏れ防止の機能をリリース,https://prtimes.jp/main/html/rd/p/000000301.000013602.html,2024-11-12 18:19,株式会社kubell,13602
リスキリング経験者の9割が「良い影響があった」と実感 一方64%がリスキリングを知らない「認知度の低さ」も明らかに,https://prtimes.jp/main/html/rd/p/000000298.000013602.html,2024-10-29 14:06,株式会社kubell,13602
「Chatwork」がビジネスチャット国内利用者数6年連続No.1（*1）を獲得,https://prtimes.jp/main/html/rd/p/000000297.000013602.html,2024-10-24 21:05,株式会社kubell,13602
kubellのグループ会社、BPaaS事業の中核を担うkubellパートナーが、クラウド郵便サービスを提供するatenaと業務提携,https://prtimes.jp/main/html/rd/p/000000296.000013602.html,2024-10-18 07:31,株式会社kubell,13602
ビジネスチャット「Chatwork」、DXによる医師の負担軽減に関する調査を武蔵台病院と共同で発表,https://prtimes.jp/main/html/rd/p/000000295.000013602.html,2024-10-18 18:26,株式会社kubell,13602
kubellのグループ会社、BPaaS事業の中核を担うkubellパートナーが ふくおかフィナンシャルグループと顧客紹介に関する協定を締結,https://prtimes.jp/main/html/rd/p/000000294.000013602.html,2024-10-06 08:43,株式会社kubell,13602
メディア関係者の方のみご覧頂けます,https://prtimes.jp/main/html/rd/p/000000292.000013602.html,2024-08-19 20:31,株式会社kubell,13602
kubellが、AIビジネスマッチングプラットフォームを提供するYZと資本業務提携,https://prtimes.jp/main/html/rd/p/000000291.000013602.html,2024-08-20 13:44,株式会社kubell,13602
長期（夏季）休暇中のチャット連絡に要注意！ プライベートとビジネスの混在による誤送信リスク増の懸念、「Chatwork」が長期休暇中の連絡手段に関するアンケート調査を実施,https://prtimes.jp/main/html/rd/p/000000290.000013602.html,2024-09-02 17:29,株式会社kubell,13602
「Chatwork」、ビジネス/エンタープライズプランにおける新機能リリースとフリープラン提供内容一部改定のお知らせ,https://prtimes.jp/main/html/rd/p/000000289.000013602.html,2024-07-30 09:40,株式会社kubell,13602
Chatwork株式会社は、設立20年の節目に株式会社kubellへ。社名変更および本社移転のお知らせ,https://prtimes.jp/main/html/rd/p/000000287.000013602.html,2024-07-05 16:20,株式会社kubell,13602
Chatworkの運営メディア「ビズクロ」が新サービスを本格スタート,https://prtimes.jp/main/html/rd/p/000000286.000013602.html,2024-08-16 15:22,株式会社kubell,13602
北九州商工会議所がビジネスチャット「Chatwork」を導入しDXを本格化、地域のものづくり・就職支援を視野に、企業間・産学連携促進を目指す,https://prtimes.jp/main/html/rd/p/000000284.000013602.html,2024-06-02 00:23,株式会社kubell,13602
「2024年問題」始まる、物流・製造業の中小企業の５割が「毎日FAXを使う」　DX・SaaSの言葉、建設業では「聞いたことがない（DX55.9％、SaaS81.2％）」,https://prtimes.jp/main/html/rd/p/000000281.000013602.html,2024-04-05 11:28,株式会社kubell,13602
株式会社kubellパートナー設立のお知らせ,https://prtimes.jp/main/html/rd/p/000000280.000013602.html,2024-04-04 05:52,株式会社kubell,13602
【社名変更、決定のお知らせ】Chatwork株式会社は、7月1日より株式会社kubellに,https://prtimes.jp/main/html/rd/p/000000279.000013602.html,2024-03-29 23:14,株式会社kubell,13602
ビジネスチャット「Chatwork」、中小企業の課題解決を促進する「Project ハタフレ」を始動、認定アドバイザーとともに、誰もが安心してDXへの一歩を踏み出せる環境を創出,https://prtimes.jp/main/html/rd/p/000000278.000013602.html,2024-03-26 04:27,株式会社kubell,13602
Chatwork株式会社、メディアプラットフォームnoteにて「IR note マガジン」参画,https://prtimes.jp/main/html/rd/p/000000277.000013602.html,2024-03-16 02:36,株式会社kubell,13602
「ニッポン全国のシゴトがはずむ」をテーマに、日本各地のChatwork事例と出会える,https://prtimes.jp/main/html/rd/p/000000276.000013602.html,2024-03-01 18:27,株式会社kubell,13602
東急ウェルネスが「Chatwork」を導入　チャット連絡で介護業務の属人化を解消、仕事のやりとり可視化で対応力向上にも寄与,https://prtimes.jp/main/html/rd/p/000000275.000013602.html,2024-03-02 22:03,株式会社kubell,13602
京都商工会議所「はじめてのIT/DX応援事業」の常設展示に「Chatwork」が選定、“見て触れるお試し体験”で実業務での活用イメージ促進,https://prtimes.jp/main/html/rd/p/000000274.000013602.html,2024-02-29 22:49,株式会社kubell,13602
北海道税理士会、確定申告期の道内税務支援を乗り越える、新たなDXスタイルを確立　「オンライン広域応援」のツールとして「Chatwork」を正式採用,https://prtimes.jp/main/html/rd/p/000000273.000013602.html,2024-02-22 12:31,株式会社kubell,13602
Chatwork、中期経営計画2024−2026を発表,https://prtimes.jp/main/html/rd/p/000000272.000013602.html,2024-04-04 11:17,株式会社kubell,13602
Chatwork株式会社は社名変更を決議、株式会社kubellに,https://prtimes.jp/main/html/rd/p/000000271.000013602.html,2024-02-10 09:45,株式会社kubell,13602
メディア関係者の方のみご覧頂けます,https://prtimes.jp/main/html/rd/p/000000270.000013602.html,2024-01-24 12:15,株式会社kubell,13602
奈良県で創業85年の老舗旅館「飛鳥荘」が「Chatwork」を導入,https://prtimes.jp/main/html/rd/p/000000269.000013602.html,2023-12-17 00:55,株式会社kubell,13602
Chatwork、卓球Tリーグチーム・琉球アスティーダ主催「アスティーダフェスティバル2023」を後援,https://prtimes.jp/main/html/rd/p/000000268.000013602.html,2023-11-30 16:41,株式会社kubell,13602
Chatwork、日本商工会議所の中小企業DX支援の取組みと連携開始　「人材育成・経営課題解決のためのデジタル化支援メニュー」に掲載,https://prtimes.jp/main/html/rd/p/000000267.000013602.html,2023-12-02 23:40,株式会社kubell,13602
中小企業の７割はSaaSを聞いたことがないと回答　40代から経営者の意識に崖、「リスキリングの必要性を感じない」が６割,https://prtimes.jp/main/html/rd/p/000000266.000013602.html,2023-11-14 21:47,株式会社kubell,13602
メディア関係者の方のみご覧頂けます,https://prtimes.jp/main/html/rd/p/000000265.000013602.html,2023-11-08 09:57,株式会社kubell,13602
社内も社外も、一緒に働く相手とサクッとつながる　「Chatwork」、QRコードで連絡先が交換できる新機能をリリース,https://prtimes.jp/main/html/rd/p/000000264.000013602.html,2023-10-19 07:07,株式会社kubell,13602
「Chatwork」がビジネスチャット国内利用者数 5年連続No.1*を獲得,https://prtimes.jp/main/html/rd/p/000000262.000013602.html,2023-10-15 00:19,株式会社kubell,13602
Chatwork、「DX人財輩出企業No.1」の実現を目指すコクーに出資,https://prtimes.jp/main/html/rd/p/000000263.000013602.html,2023-10-13 23:19,株式会社kubell,13602
さまざまな切り口で“プロダクトを語る”カンファレンス「Chatwork Product Day 2023」を2023年10月24日に開催,https://prtimes.jp/main/html/rd/p/000000261.000013602.html,2023-10-03 19:40,株式会社kubell,13602
Chatwork、役員人事に関するお知らせ,https://prtimes.jp/main/html/rd/p/000000260.000013602.html,2023-09-23 01:49,株式会社kubell,13602
写真を撮るだけ、スマホの簡単操作で「Chatwork」への招待が実現　Chatwork、「名刺読み取り機能」をiOS版アプリにて提供開始,https://prtimes.jp/main/html/rd/p/000000259.000013602.html,2023-09-14 11:01,株式会社kubell,13602
「2023 Adobe Marketo Engage Champion」で受賞、グローバルの「2023 Adobe Experience Maker Awards」のファイナリスト選出,https://prtimes.jp/main/html/rd/p/000000258.000013602.html,2023-07-17 23:40,株式会社kubell,13602
【ChatGPTの利用に関する意識調査】約4割の個人はビジネスシーンでの利用経験あり、約2割の勤め先で既に利用中、一部ではAPI連携でシームレスな利用を実現する事例も,https://prtimes.jp/main/html/rd/p/000000257.000013602.html,2023-07-18 15:44,株式会社kubell,13602
【中小企業経営者の残業削減意識に関する調査　第1弾：医療業界】法改正における残業代割増にリスクを感じているのは、経営者の約半数。8割超が残業の実態について把握するも、対策をとっていないことが判明,https://prtimes.jp/main/html/rd/p/000000256.000013602.html,2023-07-02 22:50,株式会社kubell,13602
「島耕作」が「Chatwork」特任アンバサダーに就任、DXやITをより身近な存在として伝える活動を開始,https://prtimes.jp/main/html/rd/p/000000255.000013602.html,2023-06-29 23:03,株式会社kubell,13602
Chatwork、主催ピッチコンテスト参加企業のユーティルおよびデジタルハックに出資,https://prtimes.jp/main/html/rd/p/000000253.000013602.html,2023-06-22 21:35,株式会社kubell,13602
Chatwork、SaaSの進化版・BPaaSの仕組みを使った「Chatwork アシスタント」を正式リリース,https://prtimes.jp/main/html/rd/p/000000252.000013602.html,2023-06-06 13:21,株式会社kubell,13602
Chatwork、グッドパッチが主催する「ReDesigner Award」にて「Most Valuable Partner」を受賞,https://prtimes.jp/main/html/rd/p/000000250.000013602.html,2023-06-01 00:29,株式会社kubell,13602
Chatwork、地域の中小企業を支援するあおもり創生パートナーズと業務提携,https://prtimes.jp/main/html/rd/p/000000249.000013602.html,2023-05-18 20:56,株式会社kubell,13602
Chatwork、ビジネス/エンタープライズプラン利用料金改定のお知らせ,https://prtimes.jp/main/html/rd/p/000000248.000013602.html,2023-04-20 22:02,株式会社kubell,13602
Chatwork、従業員の多様化する働き方をサポートする新しい福利厚生パッケージ「BENTO（べんとー）」を運用開始,https://prtimes.jp/main/html/rd/p/000000247.000013602.html,2023-04-16 20:11,株式会社kubell,13602
上司と部下が本音で話せている割合は16.6%！「コミュニケーションを改善したい」と考えている人が8割以上に。上司・部下のコミュニケーション実態を調査,https://prtimes.jp/main/html/rd/p/000000246.000013602.html,2023-06-23 15:49,株式会社kubell,13602
山口県デイサービスセンター協議会が「Chatwork」を導入、会員への情報発信の質の向上と現場のICT化をサポート,https://prtimes.jp/main/html/rd/p/000000244.000013602.html,2023-04-06 17:16,株式会社kubell,13602
中小企業の経営効率化をコンセプトとしたピッチコンテスト「SMB Growth Pitch」最終審査のオーディエンス募集開始,https://prtimes.jp/main/html/rd/p/000000245.000013602.html,2023-04-07 22:09,株式会社kubell,13602
Chatworkとカスタマーサポートツール「Tayori」が提携開始,https://prtimes.jp/main/html/rd/p/000000243.000013602.html,2023-03-30 01:06,株式会社kubell,13602
Chatwork、中小企業の経営効率化をコンセプトとしたピッチコンテスト「SMB Growth Pitch」を開催,https://prtimes.jp/main/html/rd/p/000000242.000013602.html,2023-03-05 20:38,株式会社kubell,13602
Chatwork、「働くをもっと楽しく、創造的に」をテーマにした新しいコーポレートブランドムービーを制作,https://prtimes.jp/main/html/rd/p/000000241.000013602.html,2023-03-01 22:59,株式会社kubell,13602
Chatwork、法人カード「UPSIDER」の優待プログラム「Boost Your Business」にて優待サービスの提供開始,https://prtimes.jp/main/html/rd/p/000000239.000013602.html,2023-01-28 22:21,株式会社kubell,13602
人事労務領域で複数事業を運営する株式会社ミナジンをChatworkがグループ会社化,https://prtimes.jp/main/html/rd/p/000000238.000013602.html,2022-12-18 06:19,株式会社kubell,13602
Chatwork、スモールビジネスに特化したFinTechサービスを提供するペイトナーに出資,https://prtimes.jp/main/html/rd/p/000000237.000013602.html,2022-12-18 22:40,株式会社kubell,13602
Chatwork、青山学院大学 陸上競技部監督 原 晋氏による公式チャットマガジン「原晋の『当たり前の基準を斬る』」を開始,https://prtimes.jp/main/html/rd/p/000000236.000013602.html,2022-11-26 23:35,株式会社kubell,13602
Chatworkとデジタルレシピが業務提携,https://prtimes.jp/main/html/rd/p/000000235.000013602.html,2022-11-15 19:23,株式会社kubell,13602
Chatwork、元サッカー日本代表選手で現在、AuB株式会社を経営する鈴木 啓太氏による公式チャットマガジン「鈴木啓太のビジネス知見録」を開始,https://prtimes.jp/main/html/rd/p/000000234.000013602.html,2022-11-13 22:07,株式会社kubell,13602
Chatworkとオリックス自動車が業務提携,https://prtimes.jp/main/html/rd/p/000000233.000013602.html,2022-11-10 23:53,株式会社kubell,13602
Chatwork、アクセラレータープログラム「Chatwork Collab Accele」のDemo Dayを開催、本日より聴講受付開始,https://prtimes.jp/main/html/rd/p/000000232.000013602.html,2022-11-05 03:19,株式会社kubell,13602
Chatworkと産業NAVIが業務提携,https://prtimes.jp/main/html/rd/p/000000231.000013602.html,2022-11-05 11:10,株式会社kubell,13602
Chatwork、「Chatwork DXカンファレンス Vol.3」を12月6-7日の2日間にわたり開催,https://prtimes.jp/main/html/rd/p/000000229.000013602.html,2022-11-05 03:56,株式会社kubell,13602
東京都介護支援専門員研究協議会に「Chatwork」の提供開始,https://prtimes.jp/main/html/rd/p/000000230.000013602.html,2022-11-03 01:18,株式会社kubell,13602
"「Chatwork DX相談窓口」、サービス提供開始から約18ヶ月で累計相談件数が14,000件を突破",https://prtimes.jp/main/html/rd/p/000000228.000013602.html,2023-01-23 17:31,株式会社kubell,13602
Chatwork導入企業の学校法人アルコット学園が「全国中小企業クラウド実践大賞関東・信越大会」にて「関東総合通信局長賞」を受賞,https://prtimes.jp/main/html/rd/p/000000227.000013602.html,2022-11-01 17:09,株式会社kubell,13602
Chatworkが運営する「お役立ちコラム」が月間100万PVを突破,https://prtimes.jp/main/html/rd/p/000000226.000013602.html,2022-10-29 03:07,株式会社kubell,13602
ChatworkとKAKEAIが業務提携,https://prtimes.jp/main/html/rd/p/000000225.000013602.html,2022-10-25 19:37,株式会社kubell,13602
Chatwork、「Chatwork 法人登記 powered by GVA 法人登記」の提供開始,https://prtimes.jp/main/html/rd/p/000000224.000013602.html,2022-10-23 02:40,株式会社kubell,13602
Chatwork、レスタスと業務提携,https://prtimes.jp/main/html/rd/p/000000223.000013602.html,2022-10-13 22:48,株式会社kubell,13602
Chatwork、フリープランのグループチャット利用上限数撤廃等、サービス内容変更のお知らせ,https://prtimes.jp/main/html/rd/p/000000222.000013602.html,2022-10-06 15:05,株式会社kubell,13602
Chatwork、2022年 オリコン顧客満足度®調査 ビジネスチャットツール業種別「製造・物流」部門で2年連続第1位を獲得,https://prtimes.jp/main/html/rd/p/000000221.000013602.html,2022-10-06 03:04,株式会社kubell,13602
Chatworkとジンジブが業務提携,https://prtimes.jp/main/html/rd/p/000000220.000013602.html,2022-09-27 21:17,株式会社kubell,13602
ChatworkとCINCが業務提携,https://prtimes.jp/main/html/rd/p/000000219.000013602.html,2022-09-21 13:06,株式会社kubell,13602
Chatwork、リーガルテックサービスを提供するGVA TECHと資本業務提携,https://prtimes.jp/main/html/rd/p/000000218.000013602.html,2022-09-17 23:28,株式会社kubell,13602
Chatworkが参加する「北海道DXパートナーズ」がイベント初開催,https://prtimes.jp/main/html/rd/p/000000216.000013602.html,2022-09-17 00:40,株式会社kubell,13602
"さまざまな切り口で""Chatworkのプロダクトを語る""カンファレンス「Chatwork Product Day 2022」を10月7日に開催",https://prtimes.jp/main/html/rd/p/000000217.000013602.html,2022-09-14 21:56,株式会社kubell,13602
Chatwork、Supershipと業務提携,https://prtimes.jp/main/html/rd/p/000000214.000013602.html,2022-09-09 08:59,株式会社kubell,13602
2022年「ビジネスコミュニケーション最新調査」1日で最大81億2900万円分の給与が「お世話になっております」に支払われている！メールでのビジネスマナーは面倒と思いつつ、“慣習だから”やめられない,https://prtimes.jp/main/html/rd/p/000000213.000013602.html,2022-08-29 05:10,株式会社kubell,13602
Chatwork、スタートアップとの協業を目的としたアクセラレータープログラム「Chatwork Collab Accele」本日より応募受付開始,https://prtimes.jp/main/html/rd/p/000000212.000013602.html,2022-08-27 00:12,株式会社kubell,13602
Chatwork、ユーザー支援サイト「Chatwork活用支援ナビ」をリリース,https://prtimes.jp/main/html/rd/p/000000207.000013602.html,2022-08-09 13:59,株式会社kubell,13602
Chatworkとインゲージが業務提携,https://prtimes.jp/main/html/rd/p/000000210.000013602.html,2022-08-04 10:56,株式会社kubell,13602
Chatwork、新コーポレートフォント「Chatwork Sans」をモリサワと共同開発,https://prtimes.jp/main/html/rd/p/000000209.000013602.html,2022-07-30 22:21,株式会社kubell,13602
Chatworkと社内wikiツール「NotePM」を提供するプロジェクト・モードが業務提携,https://prtimes.jp/main/html/rd/p/000000208.000013602.html,2022-07-27 20:33,株式会社kubell,13602
アドビの「2022 Adobe Marketo Engage Champion」MarTech of the Yearを受賞,https://prtimes.jp/main/html/rd/p/000000206.000013602.html,2022-07-05 04:35,株式会社kubell,13602
Chatworkとコニカミノルタジャパンが業務提携,https://prtimes.jp/main/html/rd/p/000000205.000013602.html,2022-06-29 18:49,株式会社kubell,13602
Chatworkとポストスケイプが業務提携,https://prtimes.jp/main/html/rd/p/000000204.000013602.html,2022-06-14 17:11,株式会社kubell,13602
Chatwork共催ピッチコンテスト「Chatwork Collab Pitch」、株式会社ユーティルがグランプリに決定,https://prtimes.jp/main/html/rd/p/000000203.000013602.html,2022-06-14 15:53,株式会社kubell,13602
ChatworkとRECEPTIONISTが業務提携,https://prtimes.jp/main/html/rd/p/000000202.000013602.html,2022-05-29 00:40,株式会社kubell,13602
Chatwork、「Best Recruit Matching Award2022」にてGrowth Up 部門賞を受賞,https://prtimes.jp/main/html/rd/p/000000201.000013602.html,2022-05-21 09:23,株式会社kubell,13602
Chatwork、BYODサービス「Chatwork アプリフォン」の提供開始,https://prtimes.jp/main/html/rd/p/000000200.000013602.html,2022-05-21 21:17,株式会社kubell,13602
Chatworkとラクスライトクラウドが業務提携,https://prtimes.jp/main/html/rd/p/000000199.000013602.html,2022-05-13 00:43,株式会社kubell,13602
Chatwork、企業向けMVNO事業に新規参入。「Chatwork Mobile」にてモバイル端末の提供開始,https://prtimes.jp/main/html/rd/p/000000198.000013602.html,2022-04-28 22:40,株式会社kubell,13602
Chatwork、新サービスの動画メディア「ビズクロ Channel」をリリース,https://prtimes.jp/main/html/rd/p/000000197.000013602.html,2022-04-21 06:58,株式会社kubell,13602
CVC「Chatworkスーパーアプリファンド」組成を記念したピッチコンテスト「Chatwork Collab Pitch」のファイナリスト5社が決定,https://prtimes.jp/main/html/rd/p/000000196.000013602.html,2022-04-13 23:40,株式会社kubell,13602
Chatwork、役員人事に関するお知らせ,https://prtimes.jp/main/html/rd/p/000000195.000013602.html,2022-04-05 07:40,株式会社kubell,13602
Chatworkとネットプロテクションズが業務提携,https://prtimes.jp/main/html/rd/p/000000194.000013602.html,2022-04-01 00:15,株式会社kubell,13602
Chatwork、CVC「Chatworkスーパーアプリファンド」組成を記念したピッチコンテスト「Chatwork Collab Pitch」を開催,https://prtimes.jp/main/html/rd/p/000000193.000013602.html,2022-03-16 01:14,株式会社kubell,13602
ChatworkとTGSが業務提携,https://prtimes.jp/main/html/rd/p/000000192.000013602.html,2022-03-09 09:32,株式会社kubell,13602
Chatwork、「BOXIL SaaS AWARD 2022」にて「ランキング部門　コラボレーション部門賞」「ベスト評価賞（初期設定の容易さNo.1、価格の満足度No.1）」を受賞,https://prtimes.jp/main/html/rd/p/000000191.000013602.html,2022-03-07 07:15,株式会社kubell,13602
Chatwork、プラン改定により「ユーザー管理」機能の無料提供開始,https://prtimes.jp/main/html/rd/p/000000190.000013602.html,2022-03-03 18:27,株式会社kubell,13602
Chatwork、東京オフィス移転を機に、オンラインとオフラインのハイブリッドな働き方を正式に導入,https://prtimes.jp/main/html/rd/p/000000189.000013602.html,2022-03-05 23:40,株式会社kubell,13602
Chatwork、3月1日を「Chatworkの日」として記念日登録,https://prtimes.jp/main/html/rd/p/000000188.000013602.html,2022-02-25 00:39,株式会社kubell,13602
Chatworkとsmallwebが業務提携,https://prtimes.jp/main/html/rd/p/000000187.000013602.html,2022-03-01 22:10,株式会社kubell,13602
ChatworkとFFGビジネスコンサルティングが業務提携,https://prtimes.jp/main/html/rd/p/000000186.000013602.html,2022-02-15 17:29,株式会社kubell,13602
【News Release】Chatwork、Apple IDとGoogleアカウントによる新規登録・ログインに対応,https://prtimes.jp/main/html/rd/p/000000185.000013602.html,2022-02-03 12:48,株式会社kubell,13602
Chatwork、ユーザーのショートドキュメンタリー「きょうも、あしたも、あさっても。」を制作,https://prtimes.jp/main/html/rd/p/000000184.000013602.html,2022-02-01 11:50,株式会社kubell,13602
Chatwork、東京オフィスをWeWork 日比谷FORT TOWERに移転,https://prtimes.jp/main/html/rd/p/000000183.000013602.html,2022-01-20 18:13,株式会社kubell,13602
ChatworkとN-Technologiesが業務提携,https://prtimes.jp/main/html/rd/p/000000182.000013602.html,2022-01-18 17:52,株式会社kubell,13602
ベター・プレイス、総額5.4億円の増資を実施,https://prtimes.jp/main/html/rd/p/000000181.000013602.html,2021-12-23 23:52,株式会社kubell,13602
Chatwork、3年連続で「2021年 日本テクノロジー Fast50」を受賞,https://prtimes.jp/main/html/rd/p/000000177.000013602.html,2021-12-21 07:32,株式会社kubell,13602
『Chatworkの「招待」でつながろう！キャンペーン』実施のお知らせ,https://prtimes.jp/main/html/rd/p/000000179.000013602.html,2021-12-16 15:50,株式会社kubell,13602
Chatworkが採用業務クラウドを提供するネットオンに出資,https://prtimes.jp/main/html/rd/p/000000180.000013602.html,2021-12-17 02:21,株式会社kubell,13602
「Chatwork」、Oktaの「Okta Integration Network」に登録,https://prtimes.jp/main/html/rd/p/000000178.000013602.html,2021-12-16 22:58,株式会社kubell,13602
Chatwork STORE、 新タグライン「シゴトがはずむ」をコンセプトにリニューアル,https://prtimes.jp/main/html/rd/p/000000176.000013602.html,2021-12-07 16:26,株式会社kubell,13602
Chatworkとネットオンが業務提携,https://prtimes.jp/main/html/rd/p/000000175.000013602.html,2021-11-09 17:41,株式会社kubell,13602
Chatworkと日商保が業務提携,https://prtimes.jp/main/html/rd/p/000000174.000013602.html,2021-10-26 18:20,株式会社kubell,13602
Chatwork、「Chatwork DXカンファレンス Vol.2」を11月24ー26日の3日間にわたり開催,https://prtimes.jp/main/html/rd/p/000000172.000013602.html,2021-10-21 18:40,株式会社kubell,13602
Chatworkとシナジーマーケティングが業務提携,https://prtimes.jp/main/html/rd/p/000000173.000013602.html,2021-10-19 18:37,株式会社kubell,13602
マネーフォワードとChatworkが業務提携,https://prtimes.jp/main/html/rd/p/000000171.000013602.html,2021-10-12 17:11,株式会社kubell,13602
Chatworkとマツリカが業務提携,https://prtimes.jp/main/html/rd/p/000000170.000013602.html,2021-10-05 19:21,株式会社kubell,13602
Chatwork、2021年 オリコン顧客満足度®調査 ビジネスチャットツール 業種別「製造・物流」「医療・介護」部門で第1位を獲得,https://prtimes.jp/main/html/rd/p/000000169.000013602.html,2021-10-03 14:22,株式会社kubell,13602
Chatwork、「BOXIL SaaS AWARD 2021 Autumn」にてCollaboration大賞を受賞,https://prtimes.jp/main/html/rd/p/000000167.000013602.html,2021-09-28 19:35,株式会社kubell,13602
Chatworkとyupが業務提携,https://prtimes.jp/main/html/rd/p/000000168.000013602.html,2021-09-28 18:19,株式会社kubell,13602
ChatworkとPR TIMESが業務提携,https://prtimes.jp/main/html/rd/p/000000166.000013602.html,2021-09-14 18:21,株式会社kubell,13602
Chatworkと発注ナビが業務提携,https://prtimes.jp/main/html/rd/p/000000165.000013602.html,2021-09-10 05:34,株式会社kubell,13602
Chatwork、10周年記念プロジェクトおよび、リブランディングの一環として、ブランドムービー「かわる、はじまる Chatwork」を発表,https://prtimes.jp/main/html/rd/p/000000163.000013602.html,2021-09-03 01:21,株式会社kubell,13602
船井総合研究所とChatwork、経済産業省「IT導入補助金2021」におけるコンソーシアム契約を締結,https://prtimes.jp/main/html/rd/p/000000162.000013602.html,2021-08-27 19:26,株式会社kubell,13602
Chatwork、Azure ADと連携する「ユーザー同期」機能と、利用を一時停止する「ユーザー停止」機能をリリース,https://prtimes.jp/main/html/rd/p/000000158.000013602.html,2021-08-27 03:53,株式会社kubell,13602
Chatworkとライトアップが業務提携,https://prtimes.jp/main/html/rd/p/000000159.000013602.html,2021-08-25 17:43,株式会社kubell,13602
10周年記念プロジェクトの一環として、ビジネスチャット「Chatwork」のリブランディングを実施,https://prtimes.jp/main/html/rd/p/000000161.000013602.html,2021-08-25 18:02,株式会社kubell,13602
Chatwork、Sansanが提供する「オンライン名刺」機能と連携,https://prtimes.jp/main/html/rd/p/000000160.000013602.html,2021-08-25 02:06,株式会社kubell,13602
Chatwork、「Chatwork DX相談窓口」の提案サービスとして新たにRPA「RoboTANGO」の提供開始,https://prtimes.jp/main/html/rd/p/000000157.000013602.html,2021-08-03 18:11,株式会社kubell,13602
Chatworkとネオキャリアが業務提携,https://prtimes.jp/main/html/rd/p/000000156.000013602.html,2021-07-28 18:01,株式会社kubell,13602
Chatworkとベター・プレイスが業務提携,https://prtimes.jp/main/html/rd/p/000000155.000013602.html,2021-06-29 17:14,株式会社kubell,13602
Chatwork、「Chatwork DX Week 第1回」を10日間に渡り開催,https://prtimes.jp/main/html/rd/p/000000154.000013602.html,2021-06-29 16:06,株式会社kubell,13602
Chatworkとスターティアレイズ、合弁会社を設立、スターティアレイズのクラウドストレージ事業がChatwork連結子会社へ,https://prtimes.jp/main/html/rd/p/000000153.000013602.html,2021-06-28 21:14,株式会社kubell,13602
Chatwork、FFGベンチャービジネスパートナーズ、スタジアムと「オンラインコミュニケーションでコロナ禍を生き抜く」オンラインセミナーを共催,https://prtimes.jp/main/html/rd/p/000000151.000013602.html,2021-06-01 13:42,株式会社kubell,13602
Chatwork、「ブックマーク」機能の提供開始,https://prtimes.jp/main/html/rd/p/000000149.000013602.html,2021-05-27 17:42,株式会社kubell,13602
Chatwork、CData API Driversとサービス連携,https://prtimes.jp/main/html/rd/p/000000150.000013602.html,2021-05-26 02:57,株式会社kubell,13602
Chatwork、新型コロナワクチン接種時の対応方針を決定,https://prtimes.jp/main/html/rd/p/000000148.000013602.html,2021-05-14 14:24,株式会社kubell,13602
ChatworkとRevCommが業務提携,https://prtimes.jp/main/html/rd/p/000000147.000013602.html,2021-05-12 02:27,株式会社kubell,13602
Chatwork、中小企業のDXの推進を支援する「Chatwork DX相談窓口」を提供開始,https://prtimes.jp/main/html/rd/p/000000146.000013602.html,2021-04-21 16:59,株式会社kubell,13602
Chatwork、「Chatwork コミュニケーション展vol.1」を開催,https://prtimes.jp/main/html/rd/p/000000144.000013602.html,2021-03-30 20:16,株式会社kubell,13602
Chatwork、初期設定や操作方法を解説したオンライン学習コンテンツ「Chatwork School」の提供開始,https://prtimes.jp/main/html/rd/p/000000143.000013602.html,2021-03-18 11:53,株式会社kubell,13602
Chatwork、「BOXIL SaaS AWARD 2021」にて「BOXILランキング部門」の「Collaboration賞」で約400社中1位を獲得,https://prtimes.jp/main/html/rd/p/000000142.000013602.html,2021-03-04 17:56,株式会社kubell,13602
Chatwork、リリースから10周年を記念して10周年記念プロジェクト始動,https://prtimes.jp/main/html/rd/p/000000141.000013602.html,2021-03-03 01:14,株式会社kubell,13602
Chatwork、メタップスクラウドとサービス連携,https://prtimes.jp/main/html/rd/p/000000140.000013602.html,2021-02-26 21:42,株式会社kubell,13602
Chatwork、「Chatwork テレワークカンファレンス第5回」を開催,https://prtimes.jp/main/html/rd/p/000000139.000013602.html,2021-02-04 01:44,株式会社kubell,13602
マネーフォワードケッサイとChatworkが業務提携,https://prtimes.jp/main/html/rd/p/000000138.000013602.html,2021-02-02 02:33,株式会社kubell,13602
Chatwork、モバイル版アプリの「マルチアカウント」機能をリリース,https://prtimes.jp/main/html/rd/p/000000137.000013602.html,2021-01-28 01:44,株式会社kubell,13602
Chatwork、welog、Re:lationとサービス連携,https://prtimes.jp/main/html/rd/p/000000136.000013602.html,2021-01-27 01:50,株式会社kubell,13602
介護業界最大規模の全国介護事業者連盟がChatworkを導入,https://prtimes.jp/main/html/rd/p/000000135.000013602.html,2021-01-07 23:46,株式会社kubell,13602
Chatwork、2年連続で「2020年 日本テクノロジー Fast50」を受賞,https://prtimes.jp/main/html/rd/p/000000134.000013602.html,2020-12-12 05:39,株式会社kubell,13602
Chatwork、コロナ禍での働き方に関するストレス調査結果を発表,https://prtimes.jp/main/html/rd/p/000000132.000013602.html,2020-11-26 15:13,株式会社kubell,13602
Chatwork、会計freee、LOCKEDとサービス連携,https://prtimes.jp/main/html/rd/p/000000131.000013602.html,2020-11-25 00:19,株式会社kubell,13602
東証一部上場 独立系システムインテグレーターのシステム情報と国内利用者数No.1のビジネスチャットを展開するChatworkが業務提携,https://prtimes.jp/main/html/rd/p/000000130.000013602.html,2020-11-07 04:55,株式会社kubell,13602
Chatwork、採用サイトをリニューアル,https://prtimes.jp/main/html/rd/p/000000129.000013602.html,2020-11-05 11:17,株式会社kubell,13602
プラント塗装シェアNo.1のカシワバラ・コーポレーションがChatworkを全社導入,https://prtimes.jp/main/html/rd/p/000000128.000013602.html,2020-11-05 02:37,株式会社kubell,13602
Chatwork、Everidaysとサービス連携,https://prtimes.jp/main/html/rd/p/000000127.000013602.html,2020-10-28 01:42,株式会社kubell,13602
Chatwork、2020年 オリコン顧客満足度®調査 ビジネスチャットツール 中堅企業部門 第1位を獲得,https://prtimes.jp/main/html/rd/p/000000126.000013602.html,2020-10-01 17:03,株式会社kubell,13602
ChatworkがWeb会議サービス「Zoom」の販売を開始、他社SaaSサービスの販売は初の取り組み,https://prtimes.jp/main/html/rd/p/000000125.000013602.html,2020-10-01 15:02,株式会社kubell,13602
Chatwork、プラスと日本ＰＣサービスの2社と協業し、「テレワーク丸ごとサポート」の提供開始,https://prtimes.jp/main/html/rd/p/000000124.000013602.html,2020-09-25 00:03,株式会社kubell,13602
Chatwork、コロナ禍での働き方の変化に関する調査結果を発表,https://prtimes.jp/main/html/rd/p/000000123.000013602.html,2020-09-18 14:32,株式会社kubell,13602
Chatwork、Microsoftが提供するIT管理者向けクラウドベースの認証サービス「Azure AD」と連携,https://prtimes.jp/main/html/rd/p/000000122.000013602.html,2020-08-25 09:40,株式会社kubell,13602
Chatwork、テレワークに有効なWeb会議サービス「Zoom」と連携,https://prtimes.jp/main/html/rd/p/000000114.000013602.html,2020-07-31 13:51,株式会社kubell,13602
Chatwork、シード・アーリーステージのスタートアップを支援するアントレプレナーファンド「HIRAC FUND」に参画,https://prtimes.jp/main/html/rd/p/000000120.000013602.html,2020-07-30 14:07,株式会社kubell,13602
Chatwork、「#取引先にもリモートワークを」プロジェクトに参画,https://prtimes.jp/main/html/rd/p/000000121.000013602.html,2020-07-30 00:27,株式会社kubell,13602
北九州市役所が推進する「北九州システムインテグレータネットワーク」プロジェクトのコミュニケーションツールとしてChatworkを導入,https://prtimes.jp/main/html/rd/p/000000119.000013602.html,2020-07-28 23:51,株式会社kubell,13602
J2リーグ、ＦＣ町田ゼルビアがChatworkを導入,https://prtimes.jp/main/html/rd/p/000000118.000013602.html,2020-07-22 13:16,株式会社kubell,13602
Chatwork、ホワイト財団が展開するホワイト企業認定において新認定基準で「ゴールド」を取得,https://prtimes.jp/main/html/rd/p/000000117.000013602.html,2020-07-23 08:11,株式会社kubell,13602
Chatwork、withコロナ時代の経営課題や組織課題の情報提供を強化した「Chatwork テレワークカンファレンス第4回」を開催,https://prtimes.jp/main/html/rd/p/000000116.000013602.html,2020-07-01 20:14,株式会社kubell,13602
Chatwork、役員人事に関するお知らせ,https://prtimes.jp/main/html/rd/p/000000115.000013602.html,2020-07-01 12:16,株式会社kubell,13602
プロバスケットボールクラブ「三遠ネオフェニックス」が「Chatwork」を全社導入、あわせてマーケティングパートナー契約を締結,https://prtimes.jp/main/html/rd/p/000000113.000013602.html,2020-06-11 23:31,株式会社kubell,13602
Chatwork、三井住友銀行と協業し「テレワーク導入支援プログラム」の提供を開始,https://prtimes.jp/main/html/rd/p/000000112.000013602.html,2020-06-09 10:32,株式会社kubell,13602
Chatwork、船井財団主催「グレートカンパニーアワード2020」で「業績アップ賞」受賞,https://prtimes.jp/main/html/rd/p/000000111.000013602.html,2020-06-05 05:12,株式会社kubell,13602
アドウェイズ×Chatwork、販売代理店契約を締結,https://prtimes.jp/main/html/rd/p/000000110.000013602.html,2020-05-13 22:44,株式会社kubell,13602
プロバスケットチーム「新潟アルビレックスBB」がビジネスチャット「Chatwork」を導入およびマーケティングパートナー契約を締結,https://prtimes.jp/main/html/rd/p/000000109.000013602.html,2020-04-30 00:52,株式会社kubell,13602
【テレワーク推進支援】Chatwork「ビジネスプラン」または「エンタープライズプラン」無償提供を5月末まで1ヶ月間延長,https://prtimes.jp/main/html/rd/p/000000108.000013602.html,2020-04-27 22:49,株式会社kubell,13602
【好評につき第3回開催】Chatwork、SaaSベンダー25社へ拡大、「テレワークカンファレンス 第3回目」を4/27ー4/28にて開催,https://prtimes.jp/main/html/rd/p/000000107.000013602.html,2020-04-23 22:55,株式会社kubell,13602
J1リーグ、横浜FCがビジネスチャット「Chatwork」を全社導入,https://prtimes.jp/main/html/rd/p/000000106.000013602.html,2020-04-02 13:01,株式会社kubell,13602
【テレワークを推進する企業にも有効】Chatwork×fondeskが連携を強化、「Chatwork 電話代行」を「Chatwork 電話代行 powered by fondesk」にリニューアル,https://prtimes.jp/main/html/rd/p/000000104.000013602.html,2020-04-03 11:20,株式会社kubell,13602
【好評につき第2回開催】Chatwork、SaaSベンダー15社へ拡大し、「テレワークカンファレンス 第2回目」を4/8ー4/9にて開催,https://prtimes.jp/main/html/rd/p/000000105.000013602.html,2020-03-31 00:10,株式会社kubell,13602
Chatwork、J2リーグの水戸ホーリーホックとワークスタイルパートナー契約を締結,https://prtimes.jp/main/html/rd/p/000000103.000013602.html,2020-03-24 22:38,株式会社kubell,13602
【テレワーク推進支援】Chatwork「ビジネスプラン」または「エンタープライズプラン」1ヶ月間無償提供を開始、ビデオ通話「Chatwork Live」もフリープランの1対1の上限数を緩和,https://prtimes.jp/main/html/rd/p/000000102.000013602.html,2020-03-17 07:26,株式会社kubell,13602
Chatwork、SaaSベンダー9社にて「テレワークオンライン展示会」を開催,https://prtimes.jp/main/html/rd/p/000000101.000013602.html,2020-03-13 23:00,株式会社kubell,13602
Chatwork、「BOXIL SaaS AWARD 2020」にて4部門のうち「Collaboration」部門で受賞,https://prtimes.jp/main/html/rd/p/000000100.000013602.html,2020-03-06 07:35,株式会社kubell,13602
プロバスケットボールチーム「大阪エヴェッサ」がビジネスチャット「Chatwork」を導入,https://prtimes.jp/main/html/rd/p/000000099.000013602.html,2020-03-05 22:55,株式会社kubell,13602
Chatwork、「テーマ」機能をリリース 通常表示の「ライト」と、目に優しい「ダーク」テーマに対応,https://prtimes.jp/main/html/rd/p/000000098.000013602.html,2020-03-03 08:01,株式会社kubell,13602
Chatwork、9周年を記念し、新たなブランドメッセージ「仕事よ、すすめ。」を発表,https://prtimes.jp/main/html/rd/p/000000097.000013602.html,2020-03-03 01:06,株式会社kubell,13602
J1リーグ、株式会社名古屋グランパスエイトがビジネスチャット「Chatwork」を導入,https://prtimes.jp/main/html/rd/p/000000096.000013602.html,2020-01-27 21:57,株式会社kubell,13602
【Chatwork調査結果】9割以上の企業、国や自治体の「助成金制度」を認知するも、申請率は約2割,https://prtimes.jp/main/html/rd/p/000000095.000013602.html,2020-01-18 06:59,株式会社kubell,13602
Chatwork、第45回「経済界大賞」にて「ベンチャー経営者賞」を受賞,https://prtimes.jp/main/html/rd/p/000000094.000013602.html,2020-01-17 23:09,株式会社kubell,13602
インフォネット×Chatwork、販売代理店契約の締結および「Repotti」と「Chatwork」のシステム連携開始,https://prtimes.jp/main/html/rd/p/000000093.000013602.html,2020-01-09 22:16,株式会社kubell,13602
Chatwork、大手通信キャリア「VNPT - SOUTH」などベトナム企業8社と基本合意書を締結,https://prtimes.jp/main/html/rd/p/000000092.000013602.html,2019-12-24 05:44,株式会社kubell,13602
Chatworkと甲南大学が共同調査「チャットツールが社員のパフォーマンス向上離職防止に好影響」,https://prtimes.jp/main/html/rd/p/000000091.000013602.html,2019-12-19 22:27,株式会社kubell,13602
Chatwork、谷上プロジェクトの体制変更のお知らせ,https://prtimes.jp/main/html/rd/p/000000090.000013602.html,2019-12-19 12:57,株式会社kubell,13602
Chatwork×OLTA、資金繰りの課題を解決するサービス「Chatwork 早期入金　powered by OLTA」の提供開始,https://prtimes.jp/main/html/rd/p/000000089.000013602.html,2019-12-06 08:51,株式会社kubell,13602
J2リーグ、水戸ホーリーホックがビジネスチャット「Chatwork」を導入,https://prtimes.jp/main/html/rd/p/000000088.000013602.html,2019-11-20 07:41,株式会社kubell,13602
ソニービズネットワークスが法人向けICTソリューションサービス「NURO Biz」にて「NURO クラウド Chatwork」の提供開始,https://prtimes.jp/main/html/rd/p/000000087.000013602.html,2019-11-07 07:20,株式会社kubell,13602
Chatwork、中国銀行とビジネスマッチング契約を締結,https://prtimes.jp/main/html/rd/p/000000086.000013602.html,2019-10-29 22:24,株式会社kubell,13602
Chatwork、テクノロジー企業成長率ランキング「2019年 日本テクノロジー Fast 50」で42位を受賞,https://prtimes.jp/main/html/rd/p/000000085.000013602.html,2019-10-18 17:52,株式会社kubell,13602
Chatwork、「世界絵文字デー」にあわせて「リアクション」機能をリリース、新しい絵文字も追加,https://prtimes.jp/main/html/rd/p/000000084.000013602.html,2019-07-17 07:15,株式会社kubell,13602
Chatwork 、大阪本社移転完了のお知らせ,https://prtimes.jp/main/html/rd/p/000000083.000013602.html,2019-07-08 22:44,株式会社kubell,13602
Chatwork、一般財団法人日本次世代企業普及機構とホワイトパートナー契約を締結,https://prtimes.jp/main/html/rd/p/000000082.000013602.html,2019-06-04 22:16,株式会社kubell,13602
認定NPO法人フローレンスがビジネスチャット「Chatwork」を全社導入を決定,https://prtimes.jp/main/html/rd/p/000000081.000013602.html,2019-05-22 22:57,株式会社kubell,13602
Chatwork 、大阪本社移転のお知らせ,https://prtimes.jp/main/html/rd/p/000000080.000013602.html,2019-07-01 16:47,株式会社kubell,13602
Chatwork、「タスクの〆切時間設定」機能をリリース,https://prtimes.jp/main/html/rd/p/000000078.000013602.html,2019-04-11 21:54,株式会社kubell,13602
Chatwork、新経営体制および役員人事に関するお知らせ,https://prtimes.jp/main/html/rd/p/000000077.000013602.html,2019-03-29 11:13,株式会社kubell,13602
福井銀行グループ「福井ネット」とビジネスチャット「Chatwork」、業務提携を締結,https://prtimes.jp/main/html/rd/p/000000076.000013602.html,2019-03-19 22:56,株式会社kubell,13602
Chatwork、ホワイト企業アワードを受賞,https://prtimes.jp/main/html/rd/p/000000075.000013602.html,2019-03-15 10:20,株式会社kubell,13602
Chatwork、BOXIL SaaS AWARD 2019で最優秀賞である「High SOCS（ハイソックス）賞」を受賞,https://prtimes.jp/main/html/rd/p/000000074.000013602.html,2019-03-05 06:48,株式会社kubell,13602
マネーフォワードとChatworkが資本業務提携,https://prtimes.jp/main/html/rd/p/000000073.000013602.html,2019-03-01 10:40,株式会社kubell,13602
Chatwork、2段階認証を導入,https://prtimes.jp/main/html/rd/p/000000072.000013602.html,2019-02-20 22:05,株式会社kubell,13602
2018年J1優勝クラブ、川崎フロンターレがビジネスチャット「Chatwork」を全社導入,https://prtimes.jp/main/html/rd/p/000000071.000013602.html,2019-02-02 00:27,株式会社kubell,13602
Chatwork、「サイボウズLive」のデータインポートに対応,https://prtimes.jp/main/html/rd/p/000000070.000013602.html,2019-01-11 21:55,株式会社kubell,13602
Chatwork、コーポレートミッションを刷新、導入社数は20万社突破,https://prtimes.jp/main/html/rd/p/000000069.000013602.html,2018-11-29 03:22,株式会社kubell,13602
ビジネスチャット「チャットワーク」、モバイル版アプリの通話機能を全プランで提供開始,https://prtimes.jp/main/html/rd/p/000000068.000013602.html,2018-11-15 23:27,株式会社kubell,13602
ビジネスチャット「チャットワーク」と連携可能なサービスをリスト化した「サービス連携ガイド」開設,https://prtimes.jp/main/html/rd/p/000000067.000013602.html,2018-11-01 04:31,株式会社kubell,13602
"ビジネスチャット「チャットワーク」、""働き方改革時代""を生き抜くためのビジネスマナーに対応、プッシュ通知の曜日・時間指定を可能に",https://prtimes.jp/main/html/rd/p/000000066.000013602.html,2018-10-18 21:55,株式会社kubell,13602
ビジネスチャット「チャットワーク」が600以上のサービスと連携可能なIFTTTに対応,https://prtimes.jp/main/html/rd/p/000000065.000013602.html,2018-10-10 21:28,株式会社kubell,13602
ビジネスチャット「チャットワーク」のiPad版がUI刷新,https://prtimes.jp/main/html/rd/p/000000064.000013602.html,2018-10-04 22:20,株式会社kubell,13602
ビジネスチャット「チャットワーク」、モバイル版アプリでビデオ通話の提供開始,https://prtimes.jp/main/html/rd/p/000000063.000013602.html,2018-08-30 21:51,株式会社kubell,13602
ディノス・セシール がビジネスチャット「チャットワーク」を導入,https://prtimes.jp/main/html/rd/p/000000062.000013602.html,2018-08-01 08:43,株式会社kubell,13602
ガーデンがビジネスチャット「チャットワーク」を全社導入,https://prtimes.jp/main/html/rd/p/000000061.000013602.html,2018-07-03 09:07,株式会社kubell,13602
ジャパンネット銀行がビジネスチャット「チャットワーク」を導入,https://prtimes.jp/main/html/rd/p/000000060.000013602.html,2018-06-30 12:05,株式会社kubell,13602
滋賀県教職員組合が公式コミュニケーションツールとしてビジネスチャット「チャットワーク」を導入,https://prtimes.jp/main/html/rd/p/000000059.000013602.html,2018-06-06 04:39,株式会社kubell,13602
ChatWork、新社長就任のお知らせ,https://prtimes.jp/main/html/rd/p/000000058.000013602.html,2018-06-01 01:01,株式会社kubell,13602
ChatWork、「谷上プロジェクト」の拠点となるコラボレーションスペース「.me（ドットミー）」を5月21日に開設,https://prtimes.jp/main/html/rd/p/000000057.000013602.html,2018-05-18 06:17,株式会社kubell,13602
ChatWork、「谷上プロジェクト」の活動第1弾、ガバメントクラウドファンディングの目標金額178％達成,https://prtimes.jp/main/html/rd/p/000000055.000013602.html,2018-05-02 23:01,株式会社kubell,13602
"ChatWork、「谷上プロジェクト」の活動第1弾、ガバメントクラウドファンディングの目標金額1,500万円を突破",https://prtimes.jp/main/html/rd/p/000000053.000013602.html,2018-04-23 16:28,株式会社kubell,13602
ChatWorkがサイボウズと協業し、チャットワークとkintoneのプロダクト連携を実現,https://prtimes.jp/main/html/rd/p/000000052.000013602.html,2018-03-28 05:26,株式会社kubell,13602
ChatWork、IVSと販売代理店契約を締結,https://prtimes.jp/main/html/rd/p/000000051.000013602.html,2018-03-06 06:20,株式会社kubell,13602
ChatWork、変化を起こすコミュニティづくりを推進する「谷上プロジェクト」を始動,https://prtimes.jp/main/html/rd/p/000000050.000013602.html,2018-04-23 16:28,株式会社kubell,13602
九州大学起業部で起業プロジェクトの円滑化を目的にビジネスチャット「チャットワーク」を導入,https://prtimes.jp/main/html/rd/p/000000049.000013602.html,2018-02-08 22:05,株式会社kubell,13602
大和証券が金融業界の働き方改革推進を目的にビジネスチャット「チャットワーク」を導入,https://prtimes.jp/main/html/rd/p/000000048.000013602.html,2018-02-08 22:07,株式会社kubell,13602
ChatWork、「第18回テレワーク推進賞」のテレワーク促進部門で「奨励賞」を受賞,https://prtimes.jp/main/html/rd/p/000000047.000013602.html,2018-01-19 14:56,株式会社kubell,13602
ChatWork、ビジネスチャット「チャットワーク」において「ユーザー移行機能」の提供開始,https://prtimes.jp/main/html/rd/p/000000046.000013602.html,2018-01-17 22:12,株式会社kubell,13602
ChatWork、ビジネスチャット「チャットワーク」において無料の起業相談窓口を開設,https://prtimes.jp/main/html/rd/p/000000045.000013602.html,2017-12-08 04:51,株式会社kubell,13602
ChatWork、ビジネスチャット「チャットワーク」において「チーム機能」の提供開始,https://prtimes.jp/main/html/rd/p/000000044.000013602.html,2017-12-06 22:15,株式会社kubell,13602
ChatWork、本店の登記変更のお知らせ,https://prtimes.jp/main/html/rd/p/000000043.000013602.html,2017-12-03 23:23,株式会社kubell,13602
ビジネスチャット「チャットワーク」がコンテンツ・マネジメント・プラットフォーム「Box」と連携,https://prtimes.jp/main/html/rd/p/000000042.000013602.html,2017-11-29 10:24,株式会社kubell,13602
ChatWork、電話代行サービス「ChatWork 電話代行」の提供開始,https://prtimes.jp/main/html/rd/p/000000041.000013602.html,2017-11-29 03:43,株式会社kubell,13602
ChatWork、総務省が実施する平成29年年度「テレワーク先駆者百選」に認定,https://prtimes.jp/main/html/rd/p/000000040.000013602.html,2017-11-16 02:10,株式会社kubell,13602
ビジネスチャット「チャットワーク」がWebhookとOAuthに対応、オープンβ版の提供開始,https://prtimes.jp/main/html/rd/p/000000039.000013602.html,2017-11-09 16:28,株式会社kubell,13602
ChatWork 、東京オフィス移転のお知らせ,https://prtimes.jp/main/html/rd/p/000000038.000013602.html,2017-10-31 22:05,株式会社kubell,13602
ChatWork、「サイボウズLive」サービス提供終了に伴い、「チャットワーク」においてデータインポート機能の提供を決定,https://prtimes.jp/main/html/rd/p/000000037.000013602.html,2017-10-25 16:56,株式会社kubell,13602
フリーランス協会とChatWorkが提携,https://prtimes.jp/main/html/rd/p/000000036.000013602.html,2017-08-31 18:46,株式会社kubell,13602
ビジネスチャット「チャットワーク」のモバイル版アプリが「ChatWork Live」の音声通話に対応,https://prtimes.jp/main/html/rd/p/000000035.000013602.html,2017-06-23 12:29,株式会社kubell,13602
ChatWork、「ChatWork広告」の新プラン「ダイレクトチャットコンバージョン広告」の提供開始,https://prtimes.jp/main/html/rd/p/000000034.000013602.html,2017-06-22 12:36,株式会社kubell,13602
ChatWork、働き方改革の一環である「テレワーク・デイ」に参加,https://prtimes.jp/main/html/rd/p/000000033.000013602.html,2017-05-18 11:18,株式会社kubell,13602
パソナグループ新会社、プロフェリエとChatWorkが業務提携,https://prtimes.jp/main/html/rd/p/000000032.000013602.html,2017-04-25 14:20,株式会社kubell,13602
ChatWork、助成金診断から申請代行までをおこなうサービス「ChatWork 助成金診断」の提供開始,https://prtimes.jp/main/html/rd/p/000000031.000013602.html,2017-04-10 14:48,株式会社kubell,13602
ChatWork、「チャットワーク」においてIDアクセス管理クラウドサービス「SKUID」に対応,https://prtimes.jp/main/html/rd/p/000000030.000013602.html,2017-04-07 10:53,株式会社kubell,13602
ChatWork、第54回 宣伝会議賞 協賛企業賞を発表,https://prtimes.jp/main/html/rd/p/000000028.000013602.html,2017-03-01 15:54,株式会社kubell,13602
チャットワーク6周年、 累計メッセージ数は18億を突破,https://prtimes.jp/main/html/rd/p/000000029.000013602.html,2017-03-01 14:59,株式会社kubell,13602
日本を代表する大手企業40社の若手有志による団体「One JAPAN」がチャットワークを公式コミュニケーションツールとして導入,https://prtimes.jp/main/html/rd/p/000000027.000013602.html,2017-02-21 11:12,株式会社kubell,13602
国内最大級の不動産・住宅情報サイト「HOME'S」を運営するネクスト、チャットワークを全社導入,https://prtimes.jp/main/html/rd/p/000000026.000013602.html,2017-02-07 10:18,株式会社kubell,13602
ChatWork、平成28年度「東京ライフ・ワーク・バランス認定企業」に認定,https://prtimes.jp/main/html/rd/p/000000025.000013602.html,2020-03-31 16:06,株式会社kubell,13602
チャットワークの大企業・官公庁向け「エンタープライズプラン」がOneLoginのSAML シングルサインオンに対応,https://prtimes.jp/main/html/rd/p/000000024.000013602.html,2016-11-28 11:20,株式会社kubell,13602
ChatWork、ビットエーと共同でChatWork初の公認チャットbotプログラム『予定調整bot』をリリース,https://prtimes.jp/main/html/rd/p/000000023.000013602.html,2016-11-16 10:45,株式会社kubell,13602
クラウドロボティクスサービス「SynApps(シナップス)」が日本最大級ビジネスチャットツール「チャットワーク」と連携開始,https://prtimes.jp/main/html/rd/p/000000022.000013602.html,2016-10-18 10:49,株式会社kubell,13602
「チャットワーク」においてセキュリティ管理を強化した「エンタープライズプラン」の提供開始,https://prtimes.jp/main/html/rd/p/000000021.000013602.html,2016-09-29 11:32,株式会社kubell,13602
ChatWork、ビジネスプラットフォーム構想実現に向けビジネスマッチングサービス「ChatWorkコンシェルジュ」提供開始,https://prtimes.jp/main/html/rd/p/000000020.000013602.html,2016-09-27 11:29,株式会社kubell,13602
ChatWork、チャットワーク上で再生する動画広告プランの提供を開始,https://prtimes.jp/main/html/rd/p/000000019.000013602.html,2016-09-13 10:03,株式会社kubell,13602
ChatWork、「第54回 宣伝会議賞」においてキャッチフレーズの募集を開始,https://prtimes.jp/main/html/rd/p/000000018.000013602.html,2016-09-01 11:04,株式会社kubell,13602
ChatWork、ワークライフバランスに関する調査結果を発表,https://prtimes.jp/main/html/rd/p/000000017.000013602.html,2016-07-12 10:40,株式会社kubell,13602
ChatWork、チャットワーク上でニュース記事の共有ができる「チャットワークでシェア」ボタンのAPIを公開,https://prtimes.jp/main/html/rd/p/000000016.000013602.html,2016-06-21 12:07,株式会社kubell,13602
転職希望者だけ集合　なんと“人事担当者がいない？”合同企業説明会《 ネット LIVE！転職 》を6月23日 に開催！,https://prtimes.jp/main/html/rd/p/000000015.000013602.html,2016-06-17 17:11,株式会社kubell,13602
ChatWork、「チャットワーク」においてiOSアプリを刷新,https://prtimes.jp/main/html/rd/p/000000014.000013602.html,2016-06-07 14:28,株式会社kubell,13602
クラウド型ワークフロー/経費精算システム「ジョブカン経費精算ワークフロー」と日本最大級のビジネスコミュニケーションツール「チャットワーク」が連携,https://prtimes.jp/main/html/rd/p/000000013.000013602.html,2016-05-25 10:05,株式会社kubell,13602
ChatWork、クラウド上の個人情報保護の国際規格『ISO27018』認証を取得,https://prtimes.jp/main/html/rd/p/000000012.000013602.html,2016-05-18 11:38,株式会社kubell,13602
ChatWork、メディア媒体を対象に、チャットワーク上でニュース記事の共有ができる「チャットワークでシェア」ボタンを公開,https://prtimes.jp/main/html/rd/p/000000011.000013602.html,2016-04-26 12:18,株式会社kubell,13602
"世界205の国・地域、95,000社が利用するビジネスコミュニケーションツール「チャットワーク」　ChatWork、弁護士ドットコム株式会社と業務提携",https://prtimes.jp/main/html/rd/p/000000010.000013602.html,2016-04-20 18:39,株式会社kubell,13602
"世界205の国・地域、 95,000社が利用するビジネスコミュニケーションツール「チャットワーク」　ChatWork、「チャットワーク」においてデスクトップ版アプリを公開",https://prtimes.jp/main/html/rd/p/000000009.000013602.html,2016-04-04 10:35,株式会社kubell,13602
ChatWork、「チャットワーク」においてクラウド型統合認証サービス「OneLogin」に対応～「OneLogin」からチャットワークへの接続が可能に～,https://prtimes.jp/main/html/rd/p/000000008.000013602.html,2016-03-23 10:08,株式会社kubell,13602
"世界205 の国・地域、 92,000 社で利用されているビジネスコミュニケーションツール「チャットワーク」　ChatWork、『リモワママ活躍推進プロジェクト』始動",https://prtimes.jp/main/html/rd/p/000000007.000013602.html,2016-03-14 10:55,株式会社kubell,13602
ChatWork、「チャットワーク」5周年を記念してサービスにまつわる数字を公開,https://prtimes.jp/main/html/rd/p/000000006.000013602.html,2016-03-01 10:18,株式会社kubell,13602
建築現場支援サービス「ダンドリワーク」の提供が業務効率化を実現、リフォーム市場の革新に貢献　チャットワークを導入するダンドリワークスが平成27年度「先進的なリフォーム事業者表彰」受賞,https://prtimes.jp/main/html/rd/p/000000005.000013602.html,2016-02-26 10:48,株式会社kubell,13602
"世界204の国・地域、 86,000社で利用されているビジネスコミュニケーションツール「チャットワーク」総額１5億円の資金調達を実施",https://prtimes.jp/main/html/rd/p/000000004.000013602.html,2016-01-20 10:36,株式会社kubell,13602
ビジネスコミュニケーションツール「チャットワーク」、ビジネスチャットツールを対象としたイメージ調査にて「満足度」「使いやすさ」など5部門全てで1位を獲得,https://prtimes.jp/main/html/rd/p/000000003.000013602.html,2016-01-14 13:47,株式会社kubell,13602
"世界183カ国 84,000社で利用されている日本最大級のビジネスチャット「チャットワーク」　日本ディレクション協会、公式チャットツールにチャットワークを採用",https://prtimes.jp/main/html/rd/p/000000002.000013602.html,2015-12-08 10:27,株式会社kubell,13602
"世界183カ国 66,000社で利用されている日本最大のビジネスチャット「チャットワーク」日本発グローバルを狙えるスタートアップに投資するGMO-VPより3億円の資金調達のお知らせ",https://prtimes.jp/main/html/rd/p/000000001.000013602.html,2015-04-27 10:46,株式会社kubell,13602
